time,cash_rate_target,inflation_rate,CPI,unemployment_rate,hourly_wage_growth,Bank_Prime_Loan_rate, labor_market_condition_index,USD-AUD_exchange_rate,deposit&foreign_related_institution,M2,Financial_Market: Share_Prices,composite_consumer_confidence_percentage,Trade_balance,Producer_Price_Index_by_Commodity,Business_Investment_And_Sentiment,employment-to-population_ratio,Interaction_exchange_rate_and_share_price,Export_Price_Index,coal_price,Oil_Price_in_Europe (in USD),Interation_exchange_rate_and_oil_price,lending_to_government _in_billion
1999-03-01,4.75,2.789154,164.8,14.4,5.7,7.75,1.21878,0.6308,315.3166,4455.6,51.76784,13,-17719,122.6,0.20335,64.2,32.65515347,105,26.1,12.88521739,20.42678724,25.2
1999-04-01,4.75,2.7963377,165.9,13.4,4.8,7.75,1.14998,0.642,313.3005,4501.4,52.76784,15,-17946,123.6,0.28897,64.2,33.87695328,101.3,26.1,15.50090909,24.14471821,25.1
1999-05-01,4.75,2.8490328,166,13.3,5.1,7.75,1.076,0.6628,310.5651,4464.1,53.76784,16,-20046,124.7,0.28936,64.3,35.63732435,102.1,26.1,15.67,23.64212432,25.4
1999-06-01,4.75,2.9371065,166,12.2,4.8,7.75,1.20106,0.6563,307.9128,4494.7,54.76784,11,-22892,125.2,0.20001,64.2,35.94413339,107,26.1,16.13181818,24.57994542,25.5
1999-07-01,4.75,3.0105503,166.7,11.4,5,8,1.14289,0.6562,311.6175,4519.6,55.76784,12,-23100,125.7,0.55432,64.2,36.59485661,102.3,26.1,19.03227273,29.00376825,23.8
1999-08-01,4.75,3.0557115,167.1,13,4.7,8.06,1.20645,0.6446,315.4745,4539.4,56.76784,9,-22626,126.9,0.29627,64.2,36.59254966,100,26.1,20.59772727,31.95427749,27.2
1999-09-01,4.75,3.0939121,167.8,13.4,5.3,8.25,1.29633,0.6495,319.1376,4553.1,57.76784,12,-22699,128,0.48504,64.2,37.52021208,98.2,26.1,23.14954545,35.64210232,29.4
1999-10-01,4.75,3.134861,168.1,11.8,5.3,8.25,1.26012,0.6509,335.9207,4574.8,58.76784,13,-23372,127.7,0.36702,64.3,38.25198706,101.8,25.6,22.17857143,34.07370015,28.9
1999-11-01,4.98,3.1492332,168.4,11.6,4.9,8.37,1.42573,0.6388,358.2681,4610.2,59.76784,13,-25126,128.3,0.21137,64.4,38.17969619,100.3,25.1,24.83727273,38.88114078,28.2
1999-12-01,5,3.2173645,168.8,13.1,4.9,8.5,1.43524,0.641,385.278,4664.5,60.76784,6,-25939,127.8,0.58161,64.4,38.95218544,98.1,25.1,25.69913043,40.09224717,30.5
2000-01-01,5,3.2743698,169.3,14.2,4.8,8.5,1.43487,0.656,382.6586,4672.6,61.76784,15,-27131,128.3,0.23418,64.6,40.51970304,97.8,25.1,25.63333333,39.07520325,30
2000-02-01,5.48,3.3488244,170,14.3,4.9,8.73,1.31135,0.6278,379.9584,4674.4,62.76784,2,-29794,129.8,0.35141,64.6,39.40564995,96.3,25.1,28.03047619,44.64873557,30.5
2000-03-01,5.5,3.3286618,171,12.9,4.9,8.83,1.41391,0.6094,381.1984,4736,63.76784,3,-30557,130.8,0.16951,64.6,38.8601217,95,25.1,27.49434783,45.11707881,28.8
2000-04-01,5.72,3.1782392,170.9,12.2,4.9,9,1.51724,0.596,379.9728,4806.1,64.76784,-2,-28598,130.7,0.54974,64.7,38.60163264,97,25.1,23.1535,38.84815436,26.7
2000-05-01,5.98,3.2724233,171.2,12.1,4.9,9.24,1.31935,0.5784,373.4121,4732.3,65.76784,-5,-29165,131.6,0.34308,64.4,38.04011866,94.8,25.6,27.80521739,48.07264418,25.5
2000-06-01,6,3.3262841,172.2,11,5.2,9.5,1.2773,0.5949,374.8878,4757.7,66.76784,-2,-30405,133.8,0,64.5,39.72018802,93.7,25.6,30.48318182,51.24085026,24.2
2000-07-01,6,3.0885155,172.7,10.1,5.2,9.5,1.43277,0.587,377.408,4773.9,67.76784,9,-31252,133.7,0.16572,64.2,39.77972208,93.9,25.6,28.89428571,49.22365539,25.2
2000-08-01,6.24,3.0654361,172.7,11.8,5.1,9.5,1.32771,0.5808,388.2955,4804.4,68.76784,14,-29931,132.9,0.10647,64.2,39.94036147,93.1,25.6,31.62913043,54.45786921,24.4
2000-09-01,6.25,2.9890166,173.6,11.3,5.3,9.5,1.36892,0.5521,387.6442,4840,69.76784,2,-33333,134.7,0.21439,64.2,38.51882446,97.2,27.15,33.36047619,60.42469877,23.8
2000-10-01,6.25,2.9611545,173.9,10.8,5.3,9.5,1.38004,0.528,378.8173,4853.9,70.76784,0,-33378,135.4,0.6338,64.2,37.36541952,94.7,27.15,31.30272727,59.28546832,24.2
2000-11-01,6.25,2.9558753,174.2,11.4,5.7,9.5,1.26948,0.5218,377.3438,4882,71.76784,-4,-32723,135,0.67239,64.3,37.44845891,94.4,27.15,32.88090909,63.01439075,24.7
2000-12-01,6.25,2.8761227,174.6,12.8,5.1,9.5,1.1203,0.5466,381.3845,4953,72.76784,-1,-33420,136.2,0.7593,64.4,39.77490134,95.9,30.75,25.47571429,46.60760023,21
2001-01-01,6.25,2.5332933,175.6,13.4,5.3,9.05,1.23362,0.5552,385.8055,4979,73.76784,5,-35202,140,0.99331,64.4,40.95590477,99.8,32.1,25.79,46.45172911,21
2001-02-01,5.85,2.6418159,176,14.8,5.4,8.5,1.04458,0.5338,382.9702,5008,74.76784,3,-29301,137.4,0.72815,64.3,39.91107299,99.5,32.1,27.8965,52.26020982,22.6
2001-03-01,5.55,2.4986875,176.1,14,5.1,8.32,1.04588,0.5031,383.5269,5098.3,75.76784,-11,-32812,135.9,0.88848,64.3,38.1188003,97.4,32.6,25.03454545,49.76057534,22.8
2001-04-01,5.06,2.586794,176.4,13.5,5.4,7.8,0.94262,0.5016,389.6577,5174.1,76.76784,-10,-30521,136.4,1.00211,64,38.50674854,97.2,33.5,26.01809524,51.87020582,22.6
2001-05-01,5,2.7619294,177.3,14,4.7,7.24,0.97281,0.5199,398.1988,5111.2,77.76784,-5,-27095,136.8,1.13733,63.8,40.43150002,99,33.8,28.43826087,54.69948234,21.7
2001-06-01,5,2.8453051,177.7,13.3,5.5,6.98,0.80801,0.518,403.3131,5160.6,78.76784,6,-29151,135.5,0.59582,63.7,40.80174112,104,33.9,28.00380952,54.06140835,23.3
2001-07-01,5,2.8069829,177.4,12.7,5.1,6.75,0.79993,0.5089,399.3578,5189.2,79.76784,8,-29902,133.4,0.84328,63.7,40.59385378,103.6,34,24.99136364,49.10859429,22.7
2001-08-01,5,2.6864373,177.4,12.7,5.1,6.67,0.79634,0.5246,396.1082,5225,80.76784,5,-28094,133.4,0.89001,63.2,42.37080886,106.8,33.8,25.73608696,49.05849591,21.6
2001-09-01,4.78,2.7490267,178.1,13.4,4.9,6.28,0.45587,0.5036,404.0751,5336.6,81.76784,8,-30217,133.3,1.49001,63.5,41.17828422,110.8,32.8,25.837,51.30460683,23.6
2001-10-01,4.52,2.5279263,177.6,13.3,5.1,5.53,0.20321,0.5042,420.1158,5321.7,82.76784,-1,-30588,130.3,1.0294,63.2,41.73154493,113.3,32.4,21.0326087,41.71481296,24.6
2001-11-01,4.5,2.3965374,177.5,12.6,4.9,5.1,0.10888,0.5165,435.9029,5384.7,83.76784,2,-30003,129.8,0.52103,63,43.26608936,110.6,29.4,19.10545455,36.99023145,23.1
2001-12-01,4.28,2.6393462,177.4,13.9,4.9,4.84,0.06627,0.5138,451.5146,5465,84.76784,7,-27488,128.1,0.47529,62.9,43.55371619,109.5,27.35,18.68142857,36.35933938,22.5
2002-01-01,4.25,2.7899369,177.7,15.2,4.8,4.75,0.14102,0.517,466.8886,5451,85.76784,16,-29678,128.5,0.76958,62.7,44.34197328,112.5,29.1,20.03304348,38.74863342,20.5
2002-02-01,4.25,2.7123769,178,14.8,4.4,4.75,0.05665,0.5128,470.0448,5470.4,86.76784,14,-32501,128.4,0.5819,63,44.49454835,111.6,29.85,20.545,40.06435257,22.5
2002-03-01,4.25,2.7046551,178.5,13.7,4.5,4.75,0.1031,0.5256,479.5001,5519.2,87.76784,18,-31161,129.8,0.72967,62.8,46.1307767,112.4,29.55,24.00095238,45.66391244,24
2002-04-01,4.25,2.9520356,179.3,12.6,4.1,4.75,0.13493,0.5352,494.0567,5533.4,88.76784,12,-33965,130.8,0.74397,62.7,47.50854797,117,28.84,25.94545455,48.47805408,22.7
2002-05-01,4.45,2.7927848,179.5,12.6,4.6,4.75,0.05676,0.5498,496.6024,5499.8,89.76784,10,-34026,130.8,0.48366,62.9,49.35435843,126.4,28.63,25.54956522,46.47065336,17.5
2002-06-01,4.72,2.7303686,179.6,12.5,3.9,4.75,0.03167,0.5682,496.1128,5537.8,90.76784,11,-34732,130.9,0.82079,62.7,51.57428669,127.2,26.65,24.368,42.88630764,16.4
2002-07-01,4.75,2.6473991,180,10.9,3.9,4.75,0.02121,0.5538,491.3308,5578.7,91.76784,9,-33913,131.2,1.18146,62.7,50.82102979,119.4,24.9,25.85782609,46.69163252,18.7
2002-08-01,4.75,2.3926105,180.5,12.6,4.1,4.75,0.02796,0.5413,483.6028,5621.7,92.76784,6,-36385,131.5,1.51099,62.7,50.21523179,115.1,24,26.62,49.17790504,18.7
2002-09-01,4.75,2.2175256,180.8,12.9,3.7,4.75,-0.0658,0.5465,480.6938,5646.5,93.76784,7,-36088,132.3,1.62344,63,51.24412456,124.5,24.45,28.37095238,51.91391104,18.2
2002-10-01,4.75,2.1200192,181.2,11.7,3.6,4.75,-0.10013,0.5502,468.8697,5685.3,94.76784,2,-35095,133.2,1.02016,62.7,52.14126557,124.8,26.25,27.5226087,50.02291657,23
2002-11-01,4.75,2.1935127,181.5,11.4,3.3,4.35,-0.15611,0.5613,458.3577,5757.5,95.76784,6,-39515,133.1,1.19382,62.5,53.75448859,122.9,26.25,24.25047619,43.20412648,19.2
2002-12-01,4.75,2.3274091,181.8,12.5,3.8,4.25,-0.1457,0.5624,437.6512,5804,96.76784,6,-43607,132.9,1.06187,62.4,54.42223322,126,26.25,28.31727273,50.35076943,19.7
2003-01-01,4.75,2.2439394,182.6,13.6,4.1,4.25,-0.17922,0.5829,434.4285,5793.5,97.76784,12,-41156,135.3,1.31971,62.5,56.98887394,133,26.67857143,30.80869565,52.85416993,20.5
2003-02-01,4.75,2.2455641,183.6,13.5,3.8,4.25,-0.34015,0.5956,447.8511,5820.8,98.76784,1,-40082,137.6,0.84856,62.5,58.8261255,133,26.94642857,32.6625,54.83965749,20.2
2003-03-01,4.75,2.0783864,183.9,13.3,3.3,4.25,-0.45766,0.6015,444.6196,5882.1,99.76784,0,-43806,141.2,0.91338,62.4,60.01035576,136.5,26.14285714,30.16809524,50.1547718,21.5
2003-04-01,4.75,2.1166901,183.2,12.5,3.4,4.25,-0.34259,0.61,422.8347,5938.5,100.76784,10,-42037,136.8,1.23504,62.4,61.4683824,142.9,25.125,25.035,41.04098361,19.4
2003-05-01,4.75,2.1170777,182.9,12.1,3.9,4.25,-0.41511,0.6468,417.8476,5938.2,101.76784,10,-41045,136.7,1.22738,62.3,65.82343891,144.7,24.96428571,25.71454545,39.75656378,20.3
2003-06-01,4.75,1.9788142,183.1,11.4,3.5,4.22,-0.34468,0.6652,423.3737,5992.4,102.76784,14,-39696,138,0.79575,62.3,68.36116717,141.4,25.82142857,27.56666667,41.44117058,22.9
2003-07-01,4.75,1.973451,183.7,11,3.7,4,-0.40389,0.6607,437.4153,6035.3,103.76784,16,-41321,137.7,0.27954,62.1,68.55941189,142.6,26.08928571,28.50391304,43.14199038,20.9
2003-08-01,4.75,2.2894709,184.5,11.2,3.4,4,-0.35747,0.6518,432.8227,6091.8,104.76784,13,-39892,138,0.75583,62.1,68.28767811,140.9,27.13392857,29.71809524,45.59388653,21.6
2003-09-01,4.75,2.3966164,185.1,11.7,3.4,4,-0.40448,0.6635,432.465,6063.9,105.76784,14,-41842,138.5,0.21362,62,70.17696184,134.8,28.60714286,27.04409091,40.75974515,18.9
2003-10-01,4.75,2.1063259,184.9,10.8,3.4,4,-0.3369,0.6948,429.5342,6048.3,106.76784,17,-41388,139.3,0.49495,62.1,74.18229523,137.8,29.46428571,29.43565217,42.36564792,18.4
2003-11-01,4.98,2.2911369,185,10.4,3.3,4,-0.22543,0.7158,436.2376,6077,107.76784,13,-39898,138.9,0.38347,62.3,77.14021987,139.5,32.04910714,28.9485,40.44216262,17.9
2003-12-01,5.23,2.3653793,185.5,12,3.3,4,-0.07292,0.7391,441.8691,6098.6,108.76784,11,-44080,139.5,0.26506,62.2,80.39031054,140.5,36.42857143,29.74347826,40.24283353,18
2004-01-01,5.25,2.3167501,186.3,13.1,3.4,4,-0.11333,0.7717,458.0725,6058.9,109.76784,20,-44645,141.4,0.37004,62.3,84.70784213,142.2,40.44642857,30.98181818,40.14749019,15
2004-02-01,5.25,2.2754574,186.7,12.8,3.4,4,-0.16222,0.777,477.2966,6089,110.76784,19,-44552,142.1,0.10392,62.3,86.06661168,147.6,44.73214286,30.795,39.63320463,15.6
2004-03-01,5.25,2.1716856,187.1,12.3,3.3,4,-0.0886,0.7496,478.8661,6168.5,111.76784,16,-46754,143.1,0.19348,62.2,83.78117286,153.7,52.43303571,33.42434783,44.58957821,16.5
2004-04-01,5.25,2.1480768,187.4,11.3,3.4,4,-0.00282,0.7443,481.204,6235.9,112.76784,17,-47283,144.8,0.15461,62.3,83.93310331,154.6,57.05357143,33.35772727,44.81758333,14.1
2004-05-01,5.25,2.4546894,188.2,10.9,3.5,4,-0.03038,0.7039,492.229,6249.6,113.76784,16,-47553,146.8,0.20906,62.3,80.08118258,148.7,60.46875,37.58904762,53.40111894,9.5
2004-06-01,5.25,2.5673682,188.9,10.8,3.1,4.01,0.0853,0.6937,508.3216,6272.8,114.76784,13,-54169,147.2,0.46998,62.4,79.61445061,148.3,63.80357143,35.43772727,51.08509049,10.1
2004-07-01,5.25,2.501857,189.1,10.2,3.7,4.25,0.13558,0.7161,539.715,6279.1,115.76784,19,-51606,147.4,0.11105,62.5,82.90135022,151.7,65.75892857,38.22681818,53.38195529,12.3
2004-08-01,5.25,2.4716518,189.2,11.5,3.6,4.43,0.13657,0.7111,522.4769,6300.9,116.76784,20,-53647,148,0.46438,62.4,83.03361102,150.4,63.48214286,42.22409091,59.37855563,12.6
2004-09-01,5.25,2.3558656,189.8,11.4,3.8,4.58,0.08035,0.7028,515.8302,6334,117.76784,20,-51686,147.7,0.2043,62.3,82.76723795,148,59.33035714,43.31590909,61.63333678,12.7
2004-10-01,5.25,2.3505515,190.8,10.5,3.6,4.75,0.09013,0.7337,522.3994,6355.6,118.76784,18,-55058,150,0.24946,62.3,87.13996421,150.9,60.66964286,49.73619048,67.78818383,12.2
2004-11-01,5.25,2.3070912,191.7,10.1,3.7,4.93,0.24117,0.7704,531.0763,6405.1,119.76784,20,-58967,151.4,0.20946,62.5,92.26914394,148.9,56.59821429,43.74863636,56.78691117,13.9
2004-12-01,5.25,2.3469422,191.7,11.5,3.3,5.15,0.22678,0.7675,542.6167,6447.4,120.76784,16,-54918,150.2,0.30923,62.4,92.6893172,153.6,55.98214286,39.96565217,52.07251098,14
2005-01-01,5.25,2.3687512,191.6,12.3,3.9,5.25,0.15587,0.7668,553.1231,6404.1,121.76784,28,-56189,150.9,0.26127,62.4,93.37157971,160.3,56.83392857,44.1747619,57.60923566,15.8
2005-02-01,5.25,2.3706533,192.4,11.9,3.4,5.49,0.29948,0.7812,544.2239,6405.7,122.76784,23,-58094,151.6,0.1106,62.4,95.90623661,164.5,53.46160714,45.721,58.5266257,18.8
2005-03-01,5.49,2.474904,193.1,11.6,3.4,5.58,0.2389,0.7848,543.7285,6464.9,123.76784,4,-53134,153.7,0.28851,62.4,97.13300083,167.1,54.5625,53.22913043,67.82508975,13.7
2005-04-01,5.5,2.5215946,193.7,11,3.7,5.75,0.29812,0.7738,563.2026,6508.3,124.76784,6,-57312,155,0.51126,62.7,96.54535459,178.5,54.91071429,52.60428571,67.98175978,11.2
2005-05-01,5.5,2.4035554,193.6,10.4,3.8,5.98,0.38779,0.7663,559.4928,6459.8,125.76784,14,-56040,154.3,0.46083,62.8,96.37589579,191.9,54.97767857,49.28545455,64.31613538,12.6
2005-06-01,5.5,2.2949612,193.7,9.8,3.9,6.01,0.30532,0.7667,575.3143,6511.8,126.76784,12,-58152,154.3,0.36583,62.7,97.19290293,193.5,54.64285714,54.83909091,71.52613918,13
2005-07-01,5.5,2.359812,194.9,9.6,4.2,6.25,0.31781,0.7524,565.2253,6530.7,127.76784,7,-58301,156.3,0.2365,62.8,96.13252282,195.4,54.53571429,57.62571429,76.58920027,13.6
2005-08-01,5.5,2.4709578,196.1,9.6,4,6.44,0.49397,0.7614,590.9807,6555,128.76784,16,-58745,157.6,0.34252,62.9,98.04383338,214.7,50.69074675,63.95043478,83.99058942,11
2005-09-01,5.5,2.3536565,198.8,10.8,4.1,6.59,0.36557,0.7651,593.5919,6587.7,129.76784,-1,-64882,162.2,0.28744,62.8,99.28537438,234.7,48.32142857,63.26136364,82.68378465,7.6
2005-10-01,5.5,2.5492617,199.1,10.2,4.1,6.75,0.34729,0.7535,593.8798,6615,130.76784,-2,-67265,166.2,0.27243,62.8,98.53356744,209.1,44.52806122,58.90857143,78.17992227,10
2005-11-01,5.5,2.5758744,198.1,9.3,4.4,7,0.44223,0.7353,590.1495,6655.7,131.76784,6,-63859,163.7,0.10356,62.7,96.88889275,222.1,40.64123377,55.44954545,75.41077853,9
2005-12-01,5.5,2.5702512,198.1,11,3.8,7.15,0.42653,0.7423,598.164,6708.9,132.76784,2,-64568,163,0.2798,62.8,98.55356763,221,41.68928571,57.15681818,76.99962034,9.9
2006-01-01,5.5,2.4488727,199.3,11.8,3.9,7.26,0.57297,0.7505,600.3558,6707.1,133.76784,12,-66967,164.3,0.39768,62.9,100.3927639,207.8,45.64285714,63.31181818,84.3595179,10.4
2006-02-01,5.5,2.5135642,199.4,12,3.6,7.5,0.57986,0.7418,610.162,6724.2,134.76784,10,-62308,161.8,0.05057,63,99.97078371,205.2,50.91964286,60.8055,81.9702076,9.8
2006-03-01,5.5,2.4741254,199.7,10.9,3.9,7.53,0.53208,0.7266,638.7708,6796.7,135.76784,12,-62397,162.2,0.13958,63.1,98.64891254,219.2,53.21273292,62.74695652,86.35694539,11.7
2006-04-01,5.5,2.6257421,200.7,10.8,4,7.75,0.64614,0.7369,646.0125,6860.1,136.76784,11,-62603,164.3,0.24338,63,100.7842213,219.9,56.4702381,70.34,95.45392862,11.5
2006-05-01,5.73,2.6635907,201.3,9.9,3.8,7.93,0.62427,0.7639,638.6805,6798.4,137.76784,4,-64818,165.8,0.36913,63.1,105.240853,220.7,56.72193878,70.51,92.30265742,9.9
2006-06-01,5.75,2.6658287,201.8,9.3,3.6,8.02,0.59798,0.7399,648.6711,6852.1,138.76784,4,-63800,166.1,0.11395,63.1,102.6743248,231.6,54.91071429,69.23272727,93.5703842,6.9
2006-07-01,5.75,2.721923,202.9,8.6,3.7,8.25,0.6241,0.7528,669.7412,6873.6,139.76784,7,-66909,166.8,0.17287,63,105.21723,228.7,56.95408163,74.04095238,98.35408127,7.3
2006-08-01,5.99,2.6194038,203.8,9.4,4.1,8.25,0.62144,0.7631,681.2707,6892.3,140.76784,-10,-68277,167.9,0.33504,63.1,107.4199387,236.6,55.63392857,73.50043478,96.31822144,8.1
2006-09-01,6,2.5174803,202.8,10.1,3.7,8.25,0.60795,0.7549,711.2818,6919.7,141.76784,1,-65095,165.4,0.34501,63.1,107.0205424,232.9,51.8877551,62.52714286,82.8283784,11
2006-10-01,6,2.485753,201.9,8.5,3.6,8.25,0.64163,0.7544,719.8032,6962.5,142.76784,5,-59538,162.2,0.14396,63.3,107.7040585,228.6,47.69074675,58.75818182,77.88730358,10.8
2006-11-01,6.19,2.3789791,202,9,4.5,8.25,0.67327,0.7728,748.1443,7024.9,143.76784,-5,-58939,164.6,0.2627,63.3,111.1037868,232.3,48.21428571,59.22272727,76.63396386,10.2
2006-12-01,6.25,2.3467956,203.1,10,3.9,8.25,0.57533,0.7858,754.6971,7100.1,144.76784,6,-61882,165.6,0.37621,63.4,113.7585687,232.7,54.51033835,62.26047619,79.23196257,11.3
2007-01-01,6.25,2.5293118,203.437,10.7,4.3,8.25,0.60862,0.7826,762.6693,7098.2,145.76784,14,-58014,164,0.22553,63.3,114.0779116,250.2,55.76298701,54.50304348,69.6435516,12.2
2007-02-01,6.25,2.5756304,204.226,10.8,4,8.25,0.58384,0.783,784.3951,7109.7,146.76784,14,-58479,166.8,0.25404,63.3,114.9192187,265,56.00625,57.9695,74.03512133,13.3
2007-03-01,6.25,2.4594415,205.288,9.9,4.5,8.25,0.65235,0.7932,815.3787,7207.6,147.76784,16,-62183,169.3,0.64355,63.3,117.2094507,280.4,56.92451299,62.35727273,78.61481685,13
2007-04-01,6.25,2.4786022,205.904,9.1,3.9,8.25,0.51714,0.8273,848.9791,7296.5,148.76784,15,-60494,171.4,0.58589,63,123.075634,281.5,58.05169173,67.69047619,81.82095514,13.8
2007-05-01,6.25,2.524481,206.755,8.9,3.9,8.25,0.57863,0.8254,880.5479,7241,149.76784,24,-59572,173.3,0.27342,63,123.6183751,311.5,58.45663265,67.71782609,82.04243529,13.6
2007-06-01,6.25,2.6718196,207.234,8.5,4.3,8.25,0.50283,0.8423,870.7234,7285.1,150.76784,22,-59997,173.8,0.41938,63,126.9917516,322.8,63.1505102,70.61904762,83.84073088,16.4
2007-07-01,6.25,2.6399293,207.603,8.1,4.4,8.25,0.47657,0.8677,874.9736,7287.9,151.76784,21,-60246,175.1,0.10333,62.9,131.6889548,334.5,72.79383117,76.13318182,87.74136432,16.8
2007-08-01,6.45,2.4898174,207.667,9.3,4.2,8.25,0.48169,0.8291,888.1456,7347.2,152.76784,11,-57214,172.4,0.93733,62.7,126.6598161,316.4,74.83441558,71.31304348,86.01259616,18.7
2007-09-01,6.5,2.4115217,208.547,9.2,4.4,8.03,0.39475,0.8461,929.108,7367.6,153.76784,16,-58158,173.5,0.50047,62.9,130.1029694,309.5,73.55357143,76.772,90.73631958,20.1
2007-10-01,6.5,2.4520543,209.19,9.1,4.2,7.74,0.32433,0.8996,982.4604,7378.6,154.76784,15,-57666,174.7,0.29289,62.7,139.2291489,311,79.50931677,82.5073913,91.71564173,17.7
2007-11-01,6.7,2.3840553,210.834,9.2,4.1,7.5,0.23099,0.8961,1030.5627,7436.8,155.76784,11,-60682,179,0.33594,62.9,139.5835614,327.3,93.11688312,92.73136364,103.483276,16.2
2007-12-01,6.75,2.1470427,211.445,9.7,3.9,7.33,0.19838,0.8719,1027.9633,7504.2,156.76784,13,-58290,178.6,0.36001,62.7,136.6858797,292,98.90977444,91.51952381,104.9656197,15
2008-01-01,6.75,2.174666,212.174,10,3.8,6.98,0.18643,0.8823,1055.9724,7502.6,157.76784,8,-61339,181,0.47989,62.9,139.1985652,291.3,98.4862013,92.09173913,104.3769003,15.2
2008-02-01,6.96,2.0725733,212.687,9.2,4.1,6,0.13298,0.9133,1087.1467,7585.2,158.76784,-3,-64225,182.7,0.4632,62.8,145.0026683,280,141.8877551,94.72238095,103.7144213,16.4
2008-03-01,7.22,1.9412978,213.448,9.1,4,5.66,-0.038,0.9221,1090.402,7719.2,159.76784,-11,-60200,187.9,0.23716,62.7,147.3219253,265,137.7631579,103.1619048,111.8771335,13.5
2008-04-01,7.25,2.0011092,213.942,9,4.1,5.24,0.00646,0.9309,1082.0328,7767.6,160.76784,-13,-63733,190.9,0.14045,62.7,149.6587823,285.4,131.737013,110.0331818,118.2008613,12.1
2008-05-01,7.25,2.2201559,215.208,9,4.1,5,-0.24576,0.9492,1101.6424,7709.1,161.76784,-10,-62310,196.6,0.18976,62.5,153.5500337,301.1,143.0758929,123.8622727,130.4912271,11.7
2008-06-01,7.25,2.3034655,217.463,8.5,4.1,5,-0.25489,0.9511,1110.5287,7731.7,162.76784,-15,-60889,200.5,0.0443,62.4,154.8084926,329.4,166.9897959,132.7604762,139.5862435,11.1
2008-07-01,7.25,2.343078,219.016,8,4,5,-0.41075,0.962,1098.8429,7745,163.76784,-21,-66989,205.5,0.22541,62.2,157.5446621,322.5,195.1863354,133.5852174,138.8619723,15.3
2008-08-01,7.25,2.3471243,218.69,7.4,3.9,5,-0.42572,0.8815,1099.6697,7742.7,164.76784,-14,-62394,199,0.18307,62,145.242851,311.1,173.3035714,113.8004762,129.0986684,17.6
2008-09-01,7.02,2.2096956,218.877,8.7,4.1,5,-0.47636,0.8168,1084.841,7815.6,165.76784,-8,-60292,196.9,0.18676,61.9,135.3991717,324.5,164.4983766,98.75545455,120.9053067,18.6
2008-10-01,6.18,2.1066821,216.995,8.1,3.9,4.56,-0.90218,0.687,912.9952,7922.1,166.76784,-18,-60879,186.4,0.36627,61.7,114.5695061,330.1,119.3664596,71.96347826,104.7503323,22.6
2008-11-01,5.33,2.0072092,213.153,8.7,3.9,4,-1.168,0.6591,857.4777,8012.5,167.76784,-15,-45132,176.8,0.30058,61.4,110.5757833,326.4,101.3823214,52.7135,79.9780003,22.3
2008-12-01,4.35,1.5806981,211.398,10,3.6,3.61,-1.35637,0.6719,869.941,8231.5,168.76784,-8,-43967,170.9,0.17817,61,113.3951117,331.7,82.60867347,40.51173913,60.29429845,19.7
2009-01-01,4.25,1.621304,211.933,11.2,3.4,3.25,-1.5801,0.6754,876.5011,8276.4,169.76784,-10,-39343,171.2,0.17876,60.6,114.6611991,348.1,85.56173469,43.17454545,63.92440843,18.3
2009-02-01,3.35,1.6701025,212.705,12.3,3.1,3.25,-1.80584,0.6504,848.7325,8305.2,170.76784,-14,-28778,169.3,0.1925,60.3,111.0674031,364.3,80.82267857,42.9105,65.97555351,19.4
2009-03-01,3.25,1.6327655,212.495,12.8,3.3,3.25,-2.05686,0.6666,829.1713,8441.1,171.76784,-14,-30193,168.1,0.17958,59.9,114.5004421,392.3,65.45211039,46.58272727,69.88107902,24.7
2009-04-01,3.06,1.6962653,212.709,11.7,3.2,3.25,-2.04478,0.7158,862.0287,8441.5,172.76784,-7,-30473,169.1,0.27625,59.8,123.6672199,394.8,66.27053571,50.51909091,70.57710381,32.7
2009-05-01,3,1.8570946,213.022,12.1,3.3,3.25,-2.13405,0.7648,908.855,8428.6,173.76784,-11,-25839,170.8,0.11837,59.6,132.897644,390.1,67.01503759,57.50142857,75.1849223,35.4
2009-06-01,3,2.0073266,214.79,11.5,2.8,3.25,-2.18242,0.8025,924.8757,8441.3,174.76784,0,-27152,174.1,0,59.4,140.2511916,382.4,75.81331169,68.58,85.45794393,43.7
2009-07-01,3,2.0420241,214.726,10.5,2.7,3.25,-2.25169,0.8049,932.0779,8407.6,175.76784,9,-33307,172.5,0.10949,59.3,141.4755344,388.5,77.62034161,64.90434783,80.636536,52.5
2009-08-01,3,2.0934921,215.445,11.3,1.9,3.25,-2.30205,0.8353,942.4871,8386.7,176.76784,13,-31674,175,0.10952,59.1,147.6541768,400.6,77.88214286,72.59190476,86.90518947,53.5
2009-09-01,3,2.0688171,215.861,11.5,2.3,3.25,-2.31291,0.8622,948.0879,8394.9,177.76784,19,-35247,174.1,0.20979,58.7,153.2714316,420.5,73.14935065,67.51318182,78.30338879,50.8
2009-10-01,3.21,1.9561555,216.509,10.5,2.1,3.25,-2.36839,0.9067,987.7431,8426.4,178.76784,21,-34959,175.2,0.31943,58.5,162.0888005,430.1,75.70373377,72.96863636,80.47715492,47.5
2009-11-01,3.48,2.0233626,217.234,10.7,2,3.25,-2.31505,0.9197,1008.4225,8501.2,179.76784,18,-38381,177.4,0.11493,58.6,165.3324824,415.8,82.26530612,76.93666667,83.6540901,44.9
2009-12-01,3.74,1.9064085,217.347,11.4,1.1,3.25,-2.37429,0.9021,1047.0266,8543.7,180.76784,14,-39426,178.1,0.20215,58.3,163.0706685,424.5,86.35969388,74.78956522,82.90606941,54
2010-01-01,3.75,2.0911325,217.488,12.4,1.9,3.25,-2.28173,0.9127,1042.7125,8464.4,181.76784,20,-37744,181.9,0.35236,58.5,165.8995076,444.4,100.14375,76.60238095,83.92941925,55.3
2010-02-01,3.75,2.0165529,217.281,12.9,2.1,3.25,-2.34052,0.8857,1039.586,8508.4,182.76784,17,-41504,181,0.05547,58.5,161.8774759,468.9,98.15892857,73.903,83.44021678,55.1
2010-03-01,3.98,2.0067599,217.353,12.7,1.7,3.25,-2.29481,0.9123,1021.609,8576.6,183.76784,17,-40271,183.3,0.05365,58.5,167.6514004,478.3,100.0993789,79.51913043,87.16335683,58.9
2010-04-01,4.22,2.0631275,217.403,12.1,1.8,3.25,-2.19385,0.9262,987.3426,8601.8,184.76784,16,-41496,184.4,0.05695,58.7,171.1319734,485.5,104.9625,85.15636364,91.941658,53.9
2010-05-01,4.48,2.0234055,217.29,11.2,1.3,3.25,-2.16719,0.8713,941.4717,8584.2,185.76784,8,-42088,184.8,0.55079,58.6,161.859519,473.5,107.9351504,76.13238095,87.37791915,57.6
2010-06-01,4.5,1.8811319,217.199,11.1,2.1,3.25,-2.18738,0.8539,941.3377,8606.4,186.76784,2,-47316,183.5,0.3409,58.5,159.4810586,479.4,104.4837662,75.24636364,88.12081466,57.3
2010-07-01,4.5,1.7304709,217.605,10.6,1.9,3.25,-2.15882,0.8786,987.8326,8576.9,187.76784,13,-41609,184.1,0.28986,58.5,164.9728242,497,102.861526,75.195,85.58502163,57.4
2010-08-01,4.5,1.7086811,217.923,11.2,1.9,3.25,-2.2155,0.9004,1014.5347,8607.7,188.76784,19,-45619,184.9,0.31893,58.6,169.9665631,516.2,96.84693878,76.89181818,85.39739914,61.2
2010-09-01,4.5,1.580762,218.275,11.2,1.9,3.25,-2.33114,0.9398,1013.3386,8649.5,189.76784,13,-44333,184.9,0.15589,58.5,178.343816,527.3,100.1172078,77.93818182,82.93060419,61.3
2010-10-01,4.5,1.5742367,219.035,11.3,1.3,3.25,-2.16535,0.9818,1033.0446,8710.4,190.76784,17,-40646,186.6,0.09925,58.3,187.2958653,532.2,103.2071429,83.33857143,84.88345022,56.4
2010-11-01,4.73,1.5460638,219.59,10.7,1.8,3.25,-2.20729,0.9889,1047.3426,8775.5,191.76784,11,-38739,187.7,0.51183,58.2,189.639217,551.2,112.5837662,85.80090909,86.76398937,59.1
2010-12-01,4.75,1.6945193,220.472,11.3,1.9,3.25,-2.03915,0.9929,1041.0775,8857.6,192.76784,11,-41721,189.7,0.43904,58.3,191.3991883,614.4,123.7857143,91.96,92.61758485,61.4
2011-01-01,4.75,1.9670054,221.187,12.8,1.9,3.25,-2.07695,0.9962,1038.2598,8850,193.76784,5,-48123,192.7,0.34358,58.3,193.0315222,613.1,140.9935714,96.95238095,97.32220533,58.1
2011-02-01,4.75,1.9901515,221.898,13.4,2,3.25,-1.92388,1.0084,1038.5819,8887.1,194.76784,7,-44753,195.8,0.21823,58.4,196.4038899,581.8,134.6244643,104.2385,103.3701904,55
2011-03-01,4.75,2.048335,223.046,12.1,1.8,3.25,-1.91701,1.0113,1061.7891,9000.6,195.76784,4,-44312,199.2,0.11747,58.4,197.9800166,607.7,135.9712733,114.9173913,113.6333346,59
2011-04-01,4.75,2.099215,224.093,11.4,1.9,3.25,-1.99853,1.0588,1084.2777,9055.6,196.76784,5,-42685,203.1,0.22166,58.4,208.337789,573.2,131.5255952,123.3257143,116.4768741,63.6
2011-05-01,4.75,2.032293,224.806,10.9,2.4,3.25,-1.98813,1.0675,1130.3635,9025.6,197.76784,4,-47725,204.1,0.23767,58.3,211.1171692,580.5,127.9628571,114.9295455,107.6623377,62.4
2011-06-01,4.75,1.894122,224.806,10.6,1.8,3.25,-1.91749,1.0617,1094.2161,9113.9,198.76784,1,-49882,203.9,0.11851,58.2,211.0318157,607.2,128.362013,114.3704545,107.7238905,68.6
2011-07-01,4.75,1.9889734,225.395,10.2,2.2,3.25,-1.92301,1.0781,1014.064,9266.6,199.76784,-7,-46070,204.6,0.33523,58.2,215.3697083,583.7,128.9892857,117.4833333,108.9725752,86.4
2011-08-01,4.75,1.7313642,226.106,10.8,2.5,3.25,-2.00061,1.0502,924.988,9461.8,200.76784,-10,-45052,203.2,1.36789,58.3,210.8463856,575.8,127.462013,110.3547826,105.0797778,84.7
2011-09-01,4.75,1.5583105,226.597,11.1,1.6,3.25,-2.02859,1.022,933.4884,9500.3,201.76784,-3,-43477,203.7,0.38065,58.4,206.2067325,554.4,130.5618506,111.9627273,109.5525707,87.7
2011-10-01,4.75,1.5883361,226.75,10.4,2.4,3.25,-1.91379,1.0168,893.9928,9550.1,202.76784,-3,-45509,201.1,0.48082,58.4,206.1743397,557.7,127.9127551,110.4295238,108.6049605,94.5
2011-11-01,4.51,1.6085842,227.169,10.6,2,3.25,-1.76433,1.0112,865.7397,9633.1,203.76784,3,-47460,201.4,0.18169,58.6,206.0500398,556,122.7452922,111.1586364,109.9274489,92.4
2011-12-01,4.3,1.6422125,227.223,12,1.7,3.25,-1.73794,1.0122,863.5199,9729.2,204.76784,-5,-49473,199.8,0.13511,58.6,207.2660076,569.3,118.1764286,108.3477273,107.0418171,92.3
2012-01-01,4.25,1.6011744,227.842,12.4,2.1,3.25,-1.74194,1.0415,849.8555,9761.9,205.76784,-3,-50126,200.7,0.60438,58.4,214.3072054,610.2,123.0857143,111.415,106.9755161,90
2012-02-01,4.25,1.5458862,228.329,13.3,2.1,3.25,-1.59207,1.0732,842.8008,9787,206.76784,1,-42780,201.6,0.21354,58.5,221.9032459,608.7,124.9668367,119.1657143,111.0377509,84
2012-03-01,4.25,1.5801475,228.807,12.7,1.9,3.25,-1.55449,1.0526,843.2317,9903.1,207.76784,-4,-49749,204.2,0.48967,58.5,218.6964284,599.4,114.150974,124.7031818,118.4715769,85.1
2012-04-01,4.25,1.6497201,229.187,11,2.5,3.25,-1.53376,1.035,841.7629,9948.9,208.76784,-5,-46842,203.7,0.11767,58.4,216.0747144,588.1,110.3537594,120.47,116.3961353,90.6
2012-05-01,3.77,1.5553438,228.713,11.8,2,3.25,-1.56453,0.998,840.9986,9882.9,209.76784,-5,-45106,201.9,0.1337,58.5,209.3483043,582.8,103.8194805,110.8221739,111.0442624,87.9
2012-06-01,3.54,1.4156358,228.524,11,2.3,3.25,-1.66689,0.9986,829.0476,9960.8,210.76784,-4,-42941,199.8,0.41068,58.6,210.472765,567.9,92.75469925,95.88904762,96.02348049,94
2012-07-01,3.5,1.4852789,228.59,11,2,3.25,-1.66762,1.03,840.2258,10005.9,211.76784,-1,-42406,200.1,0.58809,58.5,218.1208752,555.7,91.36412338,102.9795455,99.98014122,95.2
2012-08-01,3.5,1.480409,229.918,11.1,1.9,3.25,-1.57668,1.0475,856.1704,10069,212.76784,-3,-44030,202.7,0.30882,58.4,222.8743124,520.2,93.45633117,113.7804348,108.6209401,100.2
2012-09-01,3.5,1.5292492,231.015,11.8,2.5,3.25,-1.59137,1.0406,866.0583,10165.2,213.76784,-2,-38794,204.4,0,58.7,222.4468143,494.5,93.18160714,113.6415,109.2076687,105.7
2012-10-01,3.27,1.5026504,231.638,11.4,2,3.25,-1.47953,1.0298,861.9488,10245.8,214.76784,-1,-41467,203.5,0.1119,58.8,221.1679216,467.6,86.88540373,111.7926087,108.5575924,113.3
2012-11-01,3.25,1.5179508,231.249,10.8,2.4,3.25,-1.45726,1.0405,870.7409,10343,215.76784,4,-45332,201.8,0.54412,58.7,224.5064375,450.7,87.21964286,109.9118182,105.6336551,113.5
2012-12-01,3.03,1.5262619,231.221,12.2,2.6,3.25,-1.51371,1.0465,906.6126,10531.4,216.76784,0,-36334,201.5,0.40792,58.7,226.8475446,472,96.07612782,109.5690476,104.7004755,121.3
2013-01-01,3,1.4890559,231.679,13.1,2.1,3.25,-1.44109,1.05,928.8708,10506.6,217.76784,1,-40135,202.5,0.72831,58.6,228.656232,469.8,96.95211039,112.5278261,107.1693582,123.9
2013-02-01,3,1.5381946,232.937,13.8,2.3,3.25,-1.36024,1.031,944.3604,10480,218.76784,8,-41004,204.3,0.19654,58.6,225.549643,459.7,100.3473214,116.488,112.985451,122.6
2013-03-01,3,1.4118858,232.282,13.2,2.3,3.25,-1.46632,1.0345,951.1775,10626.9,219.76784,11,-34314,204,0.21899,58.5,227.3498305,446,97.31678571,109.5857143,105.9310916,127.6
2013-04-01,3,1.4618435,231.797,11.7,2,3.25,-1.3497,1.038,948.7581,10655.8,220.76784,5,-38487,203.5,0.25229,58.6,229.1570179,427.1,93.23316327,102.96,99.19075145,130.3
2013-05-01,2.8,1.4138488,231.893,11.3,2.3,3.25,-1.30058,0.9919,965.0499,10578.7,221.76784,-2,-41701,204.1,0.0994,58.6,219.9715205,435.4,93.12602041,102.9804348,103.821388,133.6
2013-06-01,2.75,1.5503442,232.445,11.2,2,3.25,-1.22293,0.944,985.9218,10643.3,222.76784,2,-34426,204.3,0.24405,58.6,210.292841,455.1,89.64267857,103.3585,109.4899364,137.6
2013-07-01,2.75,1.634568,232.9,11,2.5,3.25,-1.15492,0.9155,1002.5889,10682.3,223.76784,2,-36356,204.4,0.41934,58.7,204.8594575,466.1,82.22236025,107.7795652,117.7275426,136.9
2013-08-01,2.55,1.7580797,233.456,12.3,2.5,3.25,-1.17081,0.9037,1007.5834,10738,224.76784,6,-36617,204.2,0.05156,58.7,203.122697,453.5,82.22142857,111.0581818,122.892754,141.5
2013-09-01,2.5,1.8688006,233.544,12.6,2,3.25,-1.11901,0.9303,1040.2347,10805.9,225.76784,11,-39917,203.9,0.4001,58.7,210.0318216,435.9,83.29591837,111.9628571,120.351346,141.4
2013-10-01,2.5,1.7246934,233.669,12.3,2.1,3.25,-1.2957,0.9519,1018.0233,10933,226.76784,8,-36285,202.5,1.0034,58.3,215.8603069,461.6,85.44363354,109.6186957,115.1577851,149.1
2013-11-01,2.5,1.7163045,234.1,11.3,2,3.25,-1.09465,0.9324,1053.3361,10977.2,227.76784,10,-33983,201.2,0.39647,58.6,212.370734,453.9,88.36326531,108.1504762,115.9915017,151
2013-12-01,2.5,1.7851389,234.719,12.6,2.5,3.25,-1.07232,0.898,1072.9539,11104.3,228.76784,5,-33636,202,0.1708,58.7,205.4335203,442.8,89.44446429,111.0704545,123.686475,148.8
2014-01-01,2.5,1.8490071,235.288,13.4,2.5,3.25,-0.94882,0.8858,1088.7438,11101.6,229.76784,3,-37433,203.8,0.34287,58.8,203.5283527,423.5,87.97353896,107.9269565,121.8412243,146.9
2014-02-01,2.5,1.7690838,235.547,14.9,2.4,3.25,-0.92501,0.8974,1099.8585,11153.4,230.76784,0,-40119,205.7,0.26646,58.7,207.0910596,404,83.02767857,108.838,121.2814798,148.5
2014-03-01,2.5,1.7451938,236.028,13.6,2.4,3.25,-0.91135,0.9089,1113.2038,11278.4,231.76784,-1,-42940,207,0.11911,58.9,210.6537898,419.4,79.75306122,107.8680952,118.6798275,153.5
2014-04-01,2.5,1.87485,236.468,12.9,2.2,3.25,-0.87896,0.9315,1131.4337,11331.6,232.76784,0,-43735,208.3,0.30609,58.9,216.823243,423.4,78.52071429,108.0036364,115.9459328,157.7
2014-05-01,2.5,1.8687902,236.918,12.9,2.3,3.25,-0.82244,0.9305,1141.1112,11274.8,233.76784,-7,-39575,208,0.11696,58.9,217.5209751,440.8,78.83464286,109.8322727,118.0357579,159.9
2014-06-01,2.5,1.8300901,237.231,12.7,2.5,3.25,-0.68661,0.9365,1128.4067,11336.8,234.76784,-7,-38895,208.3,0.54557,59,219.8600822,419.7,77.34846939,112.2409524,119.8515242,167
2014-07-01,2.5,1.8823807,237.498,13.1,2.4,3.25,-0.63842,0.9389,1138.0347,11391.8,235.76784,-5,-38935,208,0.17867,59,221.362425,422.3,74.03804348,107.4626087,114.4558619,166.1
2014-08-01,2.5,1.8790741,237.46,12.9,2.4,3.25,-0.65665,0.9309,1136.9749,11422.7,236.76784,-2,-36935,207,0.05561,59,220.4071823,416.5,74.24839286,102.4019048,110.0031204,174.5
2014-09-01,2.5,1.9131183,237.477,13.2,3,3.25,-0.58265,0.9042,1144.7075,11470.6,237.76784,-6,-41672,206.4,0,59.1,214.9896809,414.4,71.52564935,97.85272727,108.2202248,178.7
2014-10-01,2.5,1.8727096,237.43,13.6,2.9,3.25,-0.46597,0.8781,1140.4817,11538.6,238.76784,-5,-41067,203.4,0.12185,59.3,209.6620403,408.9,68.98462733,87.58478261,99.74351738,181.8
2014-11-01,2.5,1.8157437,236.983,13.2,2.9,3.25,-0.50564,0.8644,1143.3691,11615,239.76784,-3,-39808,200.9,0.12866,59.2,207.2553209,381.6,67.33071429,79.2295,91.65837575,182.8
2014-12-01,2.5,1.8521375,236.252,13.2,2.7,3.25,-0.46833,0.8257,1133.0074,11760,240.76784,-9,-42838,197,0.06081,59.3,198.8020055,395.5,67.1622449,62.90391304,76.18252761,186.7
2015-01-01,2.5,1.6943704,234.747,15.5,3.3,3.25,-0.35799,0.8064,1125.9972,11759,241.76784,-7,-38865,192,0.74402,59.3,194.9615862,400.3,64.71632653,48.93318182,60.68102904,192.2
2015-02-01,2.28,1.5339526,235.342,14.6,3,3.25,-0.30368,0.7797,1133.5357,11847.1,242.76784,1,-33903,191.1,0.12186,59.2,189.2860848,389.5,70.65910714,58.254,74.71335129,192
2015-03-01,2.25,1.7034873,235.976,14.7,3.3,3.25,-0.24318,0.7724,1128.0044,11956.7,243.76784,-1,-48732,191.5,0.11623,59.2,188.2862796,372.3,68.34496753,56.52454545,73.18040582,195
2015-04-01,2.25,1.7122854,236.222,13.4,3.6,3.25,-0.29622,0.774,1111.6093,12004.7,244.76784,-4,-39836,190.9,0,59.3,189.4503082,381.9,61.19785714,59.82636364,77.29504346,195
2015-05-01,2.04,1.793767,237.001,12.8,2.9,3.25,-0.28386,0.7891,1106.1669,11907.9,245.76784,2,-38502,193.4,0.29142,59.4,193.9354025,398.7,65.6712406,65.19380952,82.61793122,185.9
2015-06-01,2,1.8240356,237.657,12.4,3.2,3.25,-0.27611,0.7715,1112.4225,11962.5,246.76784,-5,-42425,194.8,0.11662,59.4,190.3813886,436.1,63.10470779,62.62,81.16655865,188.5
2015-07-01,2,1.8829511,238.034,13.1,3.4,3.25,-0.26011,0.7407,1108.1076,12012.9,247.76784,-8,-40340,193.9,0.21427,59.3,183.5216391,430.7,64.48322981,56.82956522,76.72413287,186.9
2015-08-01,2,1.817785,238.033,12.9,2.7,3.25,-0.12692,0.7295,1116.5269,12070.4,248.76784,-1,-44205,191.9,1.23444,59.4,181.4761393,450.2,63.39321429,47.53380952,65.15943732,193.3
2015-09-01,2,1.83859304,237.498,12.4,2.9,3.25,-0.12211,0.7059,1108.1819,12138.2,249.76784,-6,-41641,189.1,0.29327,59.2,176.3111183,426.8,61.76542208,48.03045455,68.0414429,199.8
2015-10-01,2,1.7425951,237.733,11.9,3,3.25,-0.09518,0.72,1133.3799,12171.5,250.76784,-2,-40873,187.5,0.13184,59.3,180.5528448,474.2,57.33068182,48.90636364,67.92550505,201.8
2015-11-01,2,1.802926,238.017,11.3,3.4,3.25,-0.11257,0.7146,1106.7214,12297.9,251.76784,2,-40451,185.7,0.21094,59.4,179.9132985,473.8,55.77806122,45.0952381,63.10556688,201.4
2015-12-01,2,1.81273123,237.761,12.2,2.9,3.37,0.09739,0.7247,1065.1059,12427.3,252.76784,1,-41003,183.5,0.22347,59.6,183.1808536,468.4,55.86581633,38.52521739,53.16022822,199.4
2016-01-01,2,1.85042813,237.652,13.9,3,3.5,-0.02483,0.7011,1054.246,12478.4,253.76784,-3,-40044,182.6,0.50688,59.7,177.9166326,446.4,53.42892857,32.0452381,45.70708614,199.7
2016-02-01,2,1.7071694,237.336,12.8,3.6,3.5,-0.0833,0.7134,1049.9635,12517.1,254.76784,1,-43306,181.3,0.9174,59.8,181.7513771,452.1,53.78163265,33.76238095,47.3260176,210.8
2016-03-01,2,1.64890624,238.08,12.9,3,3.5,-0.05282,0.7504,1062.1763,12684.8,255.76784,-1,-36801,182.1,0.34453,59.8,191.9281871,409,55.43520408,39.79217391,53.02795031,211.5
2016-04-01,2,1.71603963,238.992,12.1,3.6,3.5,-0.04709,0.7664,1037.861,12778.6,256.76784,-5,-38048,183.2,0.29223,59.7,196.7868726,407.8,54.65867347,43.33047619,56.5376777,215.4
2016-05-01,1.77,1.74893221,239.557,12,3.8,3.5,-0.04159,0.7318,1033.0221,12708.4,257.76784,3,-39032,185.3,0.29125,59.7,188.6345053,422.6,54.52714286,47.735,65.22957092,210.8
2016-06-01,1.75,1.72374515,240.222,12.4,3.3,3.5,0.02278,0.7401,1029.5248,12789,258.76784,2,-41719,187.6,0.38359,59.7,191.5140784,434.5,56.22857143,49.87727273,67.39261279,218.3
2016-07-01,1.75,1.63004592,240.101,12.7,3.1,3.5,0.01342,0.7529,1023.1129,12850.1,259.76784,-1,-39931,187.7,0.44788,59.8,195.5792067,438.2,64.41836735,46.59857143,61.8921124,219.8
2016-08-01,1.52,1.64768851,240.545,12.7,3.6,3.5,0.03831,0.7629,1003.5597,12946.7,260.76784,1,-40146,186.6,0.30714,59.8,198.9397851,435.4,71.32694805,47.05217391,61.67541475,226.4
2016-09-01,1.5,1.72789683,241.176,12.3,4.2,3.5,0.02661,0.7591,961.6032,13016.2,261.76784,1,-37004,186.9,0,59.7,198.7079673,447.6,76.37386364,47.37681818,62.4118274,229.7
2016-10-01,1.5,1.70459005,241.741,12.1,4,3.5,0.11716,0.7615,919.6067,13079.4,262.76784,2,-38555,186.7,0.29737,59.7,200.0977102,427.4,96.23979592,51.41380952,67.51649314,232.6
2016-11-01,1.5,1.75829573,242.026,12.7,3.6,3.5,0.24145,0.7532,921.7145,13191.8,263.76784,1,-43896,186.3,0.11478,59.7,198.6699371,442.8,111.4280844,46.94227273,62.32378217,227.8
2016-12-01,1.5,1.95369171,242.637,13.4,3,3.64,0.21968,0.7346,935.0495,13299.9,264.76784,-3,-40976,188.2,0.69831,59.7,194.4984553,468.5,93.13446429,55.02272727,74.90161622,229.6
2017-01-01,1.5,1.92241681,243.618,13.5,3.1,3.75,0.29805,0.7465,942.8906,13281.6,265.76784,-3,-43556,190.7,0.41486,59.9,198.3956926,444.6,91.4244898,55.71090909,74.62948304,232.2
2017-02-01,1.5,1.92235723,244.006,14.1,3.5,3.75,0.29448,0.7664,959.0084,13305.6,266.76784,0,-39785,191.6,0.44212,60,204.4508726,445.4,85.96928571,56.096,73.19415449,235.5
2017-03-01,1.5,1.88654098,243.892,14.2,3.6,3.88,0.30601,0.7622,986.3341,13491.7,267.76784,0,-41124,191.5,0.6651,60.2,204.0926476,441.5,86.33385093,52.65521739,69.08320308,236.1
2017-04-01,1.5,1.85758237,244.193,12.7,3.4,4,0.31675,0.7534,1002.4453,13565,268.76784,-1,-44227,193,0.35497,60.2,202.4896907,460.3,90.11071429,53.978,71.64587205,231.9
2017-05-01,1.5,1.84054543,244.004,12.1,3.1,4,0.39874,0.7437,1015.0453,13474.1,269.76784,-2,-43985,192.8,0.38684,60.1,200.6263426,463,80.11836735,51.37434783,69.07939737,233.4
2017-06-01,1.5,1.73020088,244.163,12.5,3.1,4.13,0.37812,0.7562,1026.7591,13522.1,270.76784,-4,-42579,193.6,0,60.1,204.7546406,463.3,85.67337662,47.65272727,63.01603712,237.1
2017-07-01,1.5,1.84955694,244.243,12.4,3.7,4.25,0.48931,0.7807,1038.382,13584.4,271.76784,-3,-43854,193.5,0.2208,60.2,212.1691527,466.1,90.77397959,49.25333333,63.0886811,236.4
2017-08-01,1.5,1.8153385,245.183,12.6,3.5,4.25,0.39672,0.7915,1052.6612,13653.7,272.76784,-5,-41391,193.8,0.47176,60.1,215.8957454,458,102.7724026,51.92782609,65.60685545,231.9
2017-09-01,1.5,1.84386995,246.435,12.1,3.6,4.25,0.46701,0.7974,1065.8894,13705.5,273.76784,-2,-41593,194.8,0.17242,60.4,218.3024756,453.5,104.775,55.55761905,69.67346256,235.2
2017-10-01,1.5,1.89298914,246.626,11.6,3,4.25,0.5173,0.7788,1062.2866,13750.7,274.76784,1,-42848,194.9,0.08946,60.1,213.9891938,438.1,103.2496753,57.53636364,73.87822758,237.5
2017-11-01,1.5,1.92496508,247.284,11.6,3.1,4.25,0.58362,0.762,1059.7294,13819.9,275.76784,0,-45463,195.9,0.61453,60.1,210.1350941,426.3,102.487013,62.83636364,82.46241947,242.2
2017-12-01,1.5,2.01118703,247.805,12.5,2.7,4.4,0.46166,0.7648,1028.8944,13945,276.76784,3,-46535,196.3,0.81821,60.1,211.672044,419.2,105.968797,64.06428571,83.76606396,245.1
2018-01-01,1.5,1.95641907,248.859,13.5,3.1,4.5,0.55554,0.7956,1031.9559,13863.1,277.76784,5,-47072,197.9,0.36036,60.1,220.9920935,420,111.9326299,68.88913043,86.58764509,244.6
2018-02-01,1.5,2.07333165,249.529,14.2,3,4.5,0.64637,0.7867,1006.2674,13849.1,278.76784,3,-48793,199.3,0.49085,60.4,219.3066597,428.4,111.4773214,65.6965,83.50896148,244.9
2018-03-01,1.5,1.97024161,249.577,13.4,3.9,4.58,0.77396,0.7759,991.992,14031,279.76784,3,-43508,199.3,0,60.4,217.0718671,433.9,105.7280612,66.89181818,86.21190641,244.3
2018-04-01,1.5,1.98436343,250.227,12.6,3,4.75,0.67966,0.7684,1006.8117,14069.5,280.76784,2,-46129,200.3,0.52005,60.4,215.7420083,449,99.22339286,71.93285714,93.61381721,247.8
2018-05-01,1.5,2.09161804,250.792,11.2,2.8,4.75,0.79389,0.7525,1003.0033,13980.4,281.76784,2,-41421,203.2,0.38271,60.5,212.0302996,460,109.375,76.93434783,102.238336,248.7
2018-06-01,1.5,2.04590296,251.018,10.8,3.9,4.89,0.72672,0.7498,1010.8031,14074.7,282.76784,2,-44811,204.2,0.79303,60.5,212.0193264,451.8,121.5244898,75.80285714,101.0974355,248.7
2018-07-01,1.5,2.09571821,251.214,10.7,3.3,5,0.90031,0.7403,1016.0864,14109.6,283.76784,6,-49673,204.3,0.5877,60.6,210.073332,451.9,125.0858766,75.22909091,101.6197365,246.4
2018-08-01,1.5,2.14036185,251.663,11.6,3.4,5,1.06829,0.7325,995.1582,14164.9,284.76784,4,-49558,203.4,0.338,60.3,208.5924428,448.3,123.7349026,73.85130435,100.8208933,251.3
2018-09-01,1.5,2.13615266,252.182,11.1,3.6,5.03,0.87501,0.7206,999.0278,14199.5,285.76784,1,-50563,203.6,0.46224,60.4,205.9243055,465.8,122.2291071,79.163,109.8570636,255.6
2018-10-01,1.5,2.16677604,252.772,10.8,3.9,5.25,0.96462,0.7111,1005.8434,14201.4,286.76784,1,-52453,204.6,1.06977,60.5,203.920611,489.4,114.7621118,80.78347826,113.6035414,251.3
2018-11-01,1.5,2.15417847,252.594,10.9,4.1,5.25,0.91615,0.7247,1002.2938,14255.1,287.76784,4,-49401,202.3,1.52087,60.6,208.5453536,519.6,107.5529221,66.22863636,91.38765884,248.6
2018-12-01,1.5,2.09134924,252.767,11.4,3.5,5.35,0.95734,0.7169,986.4516,14448.8,288.76784,4,-55212,201,1.9621,60.6,207.0176645,536.2,106.143609,57.94809524,80.83149008,249.9
2019-01-01,1.5,1.95832446,252.561,12.7,3.6,5.5,0.79484,0.7151,1022.2563,14423.8,289.76784,0,-48915,199.1,1.33096,60.6,207.2129824,523.3,105.4012987,59.94478261,83.82713272,256
2019-02-01,1.5,1.97069441,253.319,12.1,3.2,5.5,0.93709,0.7136,1029.9487,14401.9,290.76784,4,-47615,199.2,0.1254,60.7,207.4919306,521.1,101.3571429,64.384,90.22421525,258.7
2019-03-01,1.5,1.69207771,254.277,12.9,3.7,5.5,0.89038,0.7082,1029.0288,14572.5,291.76784,-1,-48097,200.8,0.88387,60.6,206.6299843,516,99.66989796,66.94190476,94.52401124,260.4
2019-04-01,1.5,1.74737586,255.233,12,3.9,5.5,0.881,0.7111,1009.3543,14623,292.76784,1,-49592,202.1,1.088,60.5,208.187211,536.4,88.76464286,71.47590909,100.5145677,266.9
2019-05-01,1.5,1.80265678,255.296,11.5,3.5,5.5,0.92077,0.6945,1003.569,14575,293.76784,1,-50844,201.7,0.75587,60.6,204.0217649,549.3,89.56428571,70.38913043,101.3522396,263.5
2019-06-01,1.28,1.63705342,255.213,11.6,4.1,5.5,0.97196,0.6946,1025.6333,14734.8,294.76784,1,-48568,200.3,1.10714,60.7,204.7457417,575.2,77.62982143,63.2085,90.99985603,270.8
2019-07-01,1.02,1.67609847,255.802,11.7,3.9,5.5,1.11004,0.6978,1005.644,14814.4,295.76784,-3,-48460,200.7,1.36189,60.8,206.3867988,564.1,77.84580745,64.32217391,92.17852381,273.1
2019-08-01,1,1.65909585,256.036,11.7,3.2,5.25,0.99439,0.6775,1012.0364,14896.1,296.76784,0,-48773,199.2,3.95173,60.8,201.0602116,596.5,69.73928571,59.61818182,87.99731634,275
2019-09-01,1,1.56044845,256.43,11.5,3.8,5.15,0.98277,0.6815,1029.7185,14986.8,297.76784,-2,-44479,198.4,0.58535,61,202.928783,600,66.95867347,62.43095238,91.60814729,275.1
2019-10-01,0.76,1.64198724,257.155,11.8,3.6,4.99,0.90044,0.6798,1048.4208,15112.2,298.76784,-7,-41277,198.6,1.38185,61,203.1023776,621.8,69.19425466,59.63130435,87.7188943,277.9
2019-11-01,0.75,1.67935282,257.879,10.9,3.7,4.75,0.95793,0.6827,1078.1768,15259.4,299.76784,-3,-38833,199,1.50018,61,204.6515044,706.2,69.72908163,62.68666667,91.82168839,277.5
2019-12-01,0.75,1.7145255,258.63,11.7,3.6,4.75,1.012,0.6887,1090.1112,15412.5,300.76784,-5,-43943,199,2.04638,61.1,207.1388114,684,70.46464286,65.34818182,94.88628114,281.1
2020-01-01,0.75,1.7346773,258.906,13.6,3.9,4.75,1.11158,0.6851,1104.4948,15397.1,301.76784,-7,-43782,199.3,0.52741,61.1,206.7411472,667.1,72.10616883,63.89869565,93.26915144,280
2020-02-01,0.75,1.61900368,259.246,13.4,3.6,4.75,1.02894,0.6664,1094.1916,15382.3,302.76784,-4,-40872,196.7,0.66969,61.1,201.7644886,671.2,71.05017857,55.691,83.56992797,284.4
2020-03-01,0.43,1.26977517,258.15,12.8,3,3.78,0.02973,0.6218,1077.0751,16051.5,303.76784,-8,-43724,193.1,1.63731,59.8,188.8828429,636.4,70.20487013,33.94727273,54.5951636,284.4
2020-04-01,0.25,1.15834975,256.126,14.3,3.4,3.25,-2.35913,0.6312,1142.5756,17097.7,304.76784,-24,-53116,185.5,0.35154,51.2,192.3694606,673.2,64.62,26.84863636,42.53586243,302
2020-05-01,0.25,1.16234276,255.848,15.1,4.1,3.25,-1.15455,0.6517,1164.6785,17762.5,305.76784,-12,-54932,188.6,0.20901,52.7,199.2689013,639.6,54.14830827,32.42238095,49.75046947,317.9
2020-06-01,0.25,1.23186673,257.004,15.7,3.9,3.25,-0.65687,0.6899,1172.13,18099.1,306.76784,-6,-49402,191.2,0.18618,54.7,211.6391328,601.9,55.00275974,40.86045455,59.22663364,339
2020-07-01,0.25,1.34690049,258.408,15.9,3.6,3.25,-1.32404,0.704,1165.5878,18248.1,307.76784,-12,-59746,193,0.15555,55.2,216.6685594,611.2,51.67220497,43.29565217,61.49950593,339
2020-08-01,0.25,1.34095578,259.366,13.9,3,3.25,-0.95782,0.7203,1152.8182,18315.1,308.76784,-20,-62136,194.3,0.16303,56.5,222.4054752,633.7,51.3825,45.08142857,62.58701731,348.9
2020-09-01,0.25,1.35099923,259.951,14.2,3.7,3.25,-0.58461,0.7224,1165.2205,18538,309.76784,-6,-58182,195.5,0.30779,56.6,223.7762876,663.6,52.00568182,41.92681818,58.03823115,350.6
2020-10-01,0.25,1.33753773,260.249,14.6,3.8,3.25,-0.42366,0.7121,1161.7327,18681.5,310.76784,5,-61075,196.5,0.3439,57.5,221.2977789,634.3,58.06948052,41.60681818,58.42833616,364.8
2020-11-01,0.11,1.37663264,260.895,14.5,3.6,3.25,-0.59915,0.727,1167.7264,18968.7,311.76784,8,-64703,198.3,0.45887,57.4,226.6552197,633.5,62.94642857,44.05,60.5914718,380
2020-12-01,0.1,1.41717038,262.005,13.8,2.9,3.25,-0.52294,0.7532,1163.768,19232.9,312.76784,12,-62022,200.5,0.50881,57.4,235.5767371,635.7,80.58979592,50.37695652,66.88390404,368.4
2021-01-01,0.1,1.37942385,262.518,15.4,3.5,3.25,-0.51606,0.7726,1160.4197,19355.4,313.76784,7,-62779,204.8,0,57.4,242.4170332,617.9,90.99535714,55.2247619,71.47911197,358.1
2021-02-01,0.1,1.42757598,263.583,14,3.6,3.25,-0.28362,0.7753,1182.1171,19502.9,314.76784,9,-66399,210.6,0,57.5,244.0395064,627.8,92.48571429,62.3625,80.43660519,357.6
2021-03-01,0.1,1.4974036,264.91,13,3,3.25,-0.11014,0.771,1219.6603,19921.7,315.76784,12,-66105,215,0,57.7,243.4570046,626.1,95.23090062,65.79608696,85.33863418,340.6
2021-04-01,0.1,1.58314707,266.752,10.9,3.1,3.25,0.20844,0.7701,1258.9532,20244.9,316.76784,19,-66529,217.9,0.16128,57.9,243.9429136,633.6,97.84767857,65.53181818,85.09520605,330.5
2021-05-01,0.1,1.57835302,268.452,10.4,3,3.25,0.40437,0.7763,1267.6177,20289.6,317.76784,13,-66621,224.9,0.46012,58,246.6831742,632.7,104.2071429,68.3752381,88.07836931,335.1
2021-06-01,0.1,1.59628851,270.664,10,3.6,3.25,0.62016,0.7643,1258.7366,20410.3,318.76784,7,-71488,228.9,0,58.1,243.6342601,676.1,132.1529221,73.51272727,96.18307899,327.7
2021-07-01,0.1,1.62481074,271.994,10.1,4.5,3.25,0.75881,0.7417,1259.3887,20561.7,319.76784,9,-69951,231.85,0.12134,58.4,237.1718069,678.5,153.1982143,74.40318182,100.3143883,316.1
2021-08-01,0.1,1.58016294,272.789,10.4,3.6,3.25,0.90611,0.7304,1263.4751,20753.2,320.76784,4,-73215,233.415,0.51687,58.6,234.2888303,658,173.5683673,70.58818182,96.64318431,316.9
2021-09-01,0.1,1.64278592,273.887,10.6,4.5,3.25,0.92614,0.7312,1273.8056,20926.6,321.76784,6,-77095,235.678,0,58.8,235.2766446,650,188.1228896,74.74954545,102.2285906,313.9
2021-10-01,0.1,1.61273952,276.434,12.3,4.3,3.25,1.08085,0.7412,1284.6705,21092.8,322.76784,5,-66942,240.465,0,59,239.235523,616,240.7321429,83.8652381,113.1479197,307
2021-11-01,0.1,1.75849648,278.799,10.1,4.1,3.25,1.23117,0.7307,1292.4549,21326.9,323.76784,5,-80153,243.287,0,59.3,236.5771607,621,177.8016234,80.89045455,110.7026886,301
2021-12-01,0.1,1.75897506,280.808,9.4,5.2,3.25,1.28945,0.7155,1253.2085,21649.5,324.76784,4,-80792,241.338,0,59.6,232.3713895,599.3,181.4739796,74.67826087,104.3721326,298.3
2022-01-01,0.1,1.7965635,282.39,10,6.1,3.25,1.41541,0.718,1248.2082,21631.7,325.76784,2,-85565,246.453,0,59.7,233.9013091,595.5,231.7601786,85.62238095,119.251227,294.6
2022-02-01,0.1,1.92112169,284.535,9.9,6.1,3.25,1.40561,0.7169,1258.3381,21584.7,326.76784,1,-87070,252.66,0,59.8,234.2598645,577.9,272.4867857,94.267,131.4925373,288.2
2022-03-01,0.1,1.94721641,287.553,9.1,5.7,3.37,1.33892,0.7374,1252.3516,21860.5,327.76784,-3,-101914,260.014,0.53604,60.1,241.6960052,625.2,353.440528,112.44,152.4816924,293
2022-04-01,0.1,2.21125412,288.764,8.7,6.3,3.5,1.30228,0.7364,1309.7383,21851,328.76784,-4,-85376,265.31,0,59.9,242.1046374,647.1,334.7182331,106.1557143,144.1549624,279.5
2022-05-01,0.33,2.37039462,291.359,8.5,6.5,3.94,1.41348,0.7041,1298.9668,21549.6,329.76784,-10,-84255,273.251,0,60,232.1895361,671.3,418.4938776,112.1136364,159.2297065,283.6
2022-06-01,0.73,2.40126382,294.996,7.5,7.4,4.38,1.37697,0.7025,1288.1715,21577,330.76784,-14,-81215,280.251,0.66283,59.9,232.3644076,642.4,427.425,117.6927273,167.5341313,287.8
2022-07-01,1.28,2.22257318,294.977,6.8,6.3,4.85,1.35344,0.6856,1293.3009,21572.4,331.76784,-16,-71040,272.274,0.79661,60,227.4600311,702.5,433.6265306,105.2528571,153.5193366,297.1
2022-08-01,1.81,2.09959153,295.209,8.4,6.3,5.5,1.38912,0.6961,1322.314,21538,332.76784,-19,-68522,269.546,0.21756,60.1,231.6396934,704.2,447.4475649,97.64304348,140.2715752,295.2
2022-09-01,2.25,2.36598926,296.341,7.6,6.5,5.73,1.34378,0.6671,1325.791,21497.7,333.76784,-16,-71217,267.898,0.36655,60.1,222.6565261,687.8,467.7836735,90.60818182,135.8239871,297.6
2022-10-01,2.58,2.37080895,297.863,7,6.3,6.25,1.13197,0.637,1296.2538,21409.1,334.76784,-16,-75266,265.061,0.2898,60,213.2471141,672.6,426.9091837,93.71857143,147.1249159,298.5
2022-11-01,2.84,2.45466999,298.648,7.2,6.5,6.95,1.13792,0.6596,1322.3499,21409.4,335.76784,-22,-62561,263.157,0.54907,59.9,221.4724673,682.8,368.2582792,90.93863636,137.8693699,300.6
2022-12-01,3.05,2.21937769,298.812,7.5,5.5,7.27,1.20841,0.6748,1331.416,21436.3,336.76784,-20,-70762,257.897,0,60.1,227.2509384,674.3,427.6869643,81.50318182,120.7812416,306.6
2023-01-01,3.1,2.28560928,300.356,8.8,6.2,7.5,1.17452,0.6955,1307.8163,21292.3,337.76784,-16,-69960,260.227,1.05738,60.2,234.9175327,639.5,404.5352041,84.08181818,120.8940592,307.5
2023-02-01,3.29,2.10573941,301.509,8.8,6.6,7.74,1.14784,0.6893,1326.1753,21138,338.76784,-22,-70521,258.669,0,60.2,233.5126721,696.9,244.2053571,83.6325,121.3296097,319.5
2023-03-01,3.54,2.25862414,301.744,8.6,6.5,7.82,1.02388,0.6676,1295.6542,21041.8,339.76784,-22,-60321,257.062,0.1677,60.4,226.82901,709.5,195.9992236,79.25652174,118.7185766,314.3
2023-04-01,3.6,2.10348814,303.032,8.7,5.1,8,1.03647,0.6688,1258.2533,20855.6,340.76784,-14,-72756,256.908,0.15942,60.4,227.9055314,718,200.6761905,83.536,124.9043062,334.2
2023-05-01,3.83,2.16281462,303.365,7.5,6.5,8.23,0.98973,0.6643,1241.9867,20719.7,341.76784,-21,-66066,253.67,0.16999,60.3,227.0363761,710.1,179.2623214,75.7473913,114.0258788,329.3
2023-06-01,4.05,1.75489679,304.003,7.5,5.3,8.25,0.90529,0.6713,1272.8906,20752.7,342.76784,-21,-64806,253.86,0.19217,60.3,230.100051,748.9,138.6316558,74.975,111.6862804,317.7
2023-07-01,4.1,2.06401319,304.628,8.2,5.3,8.29,1.07213,0.6742,1285.1265,20727.9,343.76784,-19,-64607,253.835,0.34819,60.4,231.7682777,796.9,141.0295918,80.10904762,118.8208953,311.8
2023-08-01,4.1,2.13876555,306.187,8.2,5.3,8.5,0.81495,0.6486,1267.3035,20696.4,344.76784,-19,-59631,257.68,0,60.4,223.616421,806.9,152.7925325,85.16826087,131.3109172,314.9
2023-09-01,4.1,2.22221813,307.288,7.7,5.1,8.5,0.88389,0.6425,1277.1848,20668.7,345.76784,-20,-62222,258.934,0.3764,60.4,222.1558372,817.5,168.4790816,92.67333333,144.2386511,324.9
2023-10-01,4.1,2.36266313,307.531,8.8,5.2,8.5,0.79835,0.6347,1272.8222,20627.9,346.76784,-18,-64333,255.192,0,60.3,220.093548,819.7,150.7383117,88.94772727,140.1413696,326.2
2023-11-01,4.29,2.38411387,308.024,8.9,5.1,8.5,0.85779,0.6508,1283.4057,20701,347.76784,-20,-64754,252.856,0,60.4,226.3273103,842.2,132.1193182,82.18636364,126.2851316,333
2023-12-01,4.35,2.27841034,308.742,9.5,5.4,8.5,0.8014,0.6693,1287.1067,20855.2,348.76784,-18,-64915,249.866,0,60.1,233.4303153,,149.362218,77.54095238,115.853806,349.6
2024-01-01,4.35,2.16450727,309.685,10.4,4.7,8.5,0.71132,0.6636,1294.8067,20822.3,349.76784,-19,-66399,251.306,0.53117,60.2,232.1059386,,140.8178571,79.11,119.2133816,360.6
2024-02-01,4.35,2.14620097,311.054,10,4.9,8.5,0.60003,0.6522,1306.5607,20746.9,350.76784,-14,-68870,254.926,0,60.1,228.7707852,,128.7005102,81.79571429,125.4150786,365.6
2024-03-01,4.35,2.21875271,312.23,10.5,4.7,8.5,0.65588,0.6558,1320.0956,20976,351.76784,-16,-67972,255.095,0,60.3,230.6893495,,137.7032143,84.96142857,129.553871,361.4
2024-04-01,4.35,2.34296136,313.207,9.9,6.5,8.5,0.56975,0.6507,1317.5127,20960.7,352.76784,-18,-74902,256.978,0,60.2,229.5460335,,137.4953571,88.97454545,136.7366612,367.1
2024-05-01,4.35,2.45150113,313.225,9.5,4.9,8.5,0.58064,0.6626,1337.9833,20840.6,353.76784,-18,-75306,255.453,0,60.1,234.4065708,,148.0060714,83.05391304,125.345477,360.5
2024-06-01,4.35,2.36706367,313.049,8.9,4.7,8.5,0.49924,0.6642,1319.2934,20957.2,354.76784,-16,-73016,256.015,0,60.1,235.6367993,,143.5092857,82.9175,124.8381512,373
2024-07-01,4.35,2.36818604,313.534,9.4,4.5,8.5,0.52502,0.6673,1297.3476,20987.2,355.76784,-17,-78791,257.485,0,60,237.4038796,,141.9942857,84.04869565,125.9533878,379.5
2024-08-01,4.35,2.16406862,314.121,,4.7,8.5,0.53366,0.6658,1311.167,20900.2,356.76784,-15,-77865,255.613,0.32292,60,237.5360279,,154.2,79.01863636,118.6822415,394.8